{"cameraMode":{"drawMode":0,"name":"Shaded","section":"Shading Mode"},"sceneLighting":false,"audioPlay":false,"sceneViewState":{"m_AlwaysRefresh":false,"showFog":true,"showSkybox":false,"showFlares":true,"showImageEffects":true,"showParticleSystems":true,"showVisualEffectGraphs":true,"m_FxEnabled":true},"in2DMode":false,"pivot":{"x":-0.2736825942993164,"y":5.691953182220459,"z":0.18559837341308595},"rotation":{"x":-0.003309352323412895,"y":-0.005402958020567894,"z":0.000014577174624719191,"w":-0.999990701675415},"size":6.29212760925293,"orthographic":false}